params,total_pnl,win_rate,avg_trade,max_win,max_loss,max_drawdown,std_dev,sharpe_ratio,trade_count,profit_factor
"{'short_put_delta_min': -0.6, 'short_put_delta_max': -0.25, 'long_put_delta_min': -0.4, 'long_put_delta_max': -0.25, 'spread_width_min': 2.0, 'spread_width_max': 4.0, 'target_profit_pct': 0.5, 'delta_stop_loss_multiplier': 2.5}",13680.951243260208,0.988,54.72380497304083,776.3447568372352,-275.67149816480355,326.1822157963875,144.48344222833398,0.3787548533523878,250,23.29154965425097
"{'short_put_delta_min': -0.6, 'short_put_delta_max': -0.25, 'long_put_delta_min': -0.4, 'long_put_delta_max': -0.2, 'spread_width_min': 3.0, 'spread_width_max': 4.0, 'target_profit_pct': 0.6, 'delta_stop_loss_multiplier': 2.5}",17789.186544674274,0.988,71.15674617869709,1046.7064797198082,-275.65290482461063,455.18543549547076,188.80103139621974,0.3768874865379672,250,25.340795444425147
"{'short_put_delta_min': -0.6, 'short_put_delta_max': -0.25, 'long_put_delta_min': -0.4, 'long_put_delta_max': -0.25, 'spread_width_min': 3.0, 'spread_width_max': 4.0, 'target_profit_pct': 0.6, 'delta_stop_loss_multiplier': 1.5}",22170.851510469274,0.988,88.68340604187705,1583.6797659477525,-275.7724746213744,377.9311426930302,241.94344497434707,0.36654601678206256,250,34.91575466807615
"{'short_put_delta_min': -0.6, 'short_put_delta_max': -0.25, 'long_put_delta_min': -0.4, 'long_put_delta_max': -0.25, 'spread_width_min': 2.0, 'spread_width_max': 4.0, 'target_profit_pct': 0.6, 'delta_stop_loss_multiplier': 2.5}",16727.844751020977,0.988,66.91137900408393,1117.3482496578642,-275.52858822793814,275.5285882279386,186.31651954956243,0.35912746312483956,250,29.999323735875578
"{'short_put_delta_min': -0.6, 'short_put_delta_max': -0.25, 'long_put_delta_min': -0.45, 'long_put_delta_max': -0.2, 'spread_width_min': 3.0, 'spread_width_max': 5.0, 'target_profit_pct': 0.5, 'delta_stop_loss_multiplier': 1.5}",15966.874782605186,0.988,63.86749913042079,1085.956305678776,-476.1681531574827,489.04304707336587,179.22431888605436,0.3563550947069069,250,17.542363763274203
"{'short_put_delta_min': -0.6, 'short_put_delta_max': -0.25, 'long_put_delta_min': -0.4, 'long_put_delta_max': -0.2, 'spread_width_min': 2.0, 'spread_width_max': 5.0, 'target_profit_pct': 0.5, 'delta_stop_loss_multiplier': 2.0}",13542.246754149046,0.992,54.16898701659615,997.1560265330427,-375.00797568872144,375.00797568872076,152.34220854402992,0.35557438436991173,250,21.915068362418832
"{'short_put_delta_min': -0.6, 'short_put_delta_max': -0.25, 'long_put_delta_min': -0.45, 'long_put_delta_max': -0.15, 'spread_width_min': 3.0, 'spread_width_max': 4.0, 'target_profit_pct': 0.6, 'delta_stop_loss_multiplier': 1.5}",19085.672863766198,0.988,76.3426914550648,1332.4355622720384,-275.63825641346574,275.63825641346557,215.31869190778826,0.354556730670457,250,54.56041981597501
"{'short_put_delta_min': -0.6, 'short_put_delta_max': -0.25, 'long_put_delta_min': -0.45, 'long_put_delta_max': -0.25, 'spread_width_min': 3.0, 'spread_width_max': 4.0, 'target_profit_pct': 0.6, 'delta_stop_loss_multiplier': 1.5}",14864.67860769664,0.992,59.45871443078663,1221.4137671273033,-375.4698596408687,375.4698596408689,168.35294749220517,0.3531789334044157,250,23.098476074342862
"{'short_put_delta_min': -0.6, 'short_put_delta_max': -0.25, 'long_put_delta_min': -0.4, 'long_put_delta_max': -0.25, 'spread_width_min': 3.0, 'spread_width_max': 4.0, 'target_profit_pct': 0.4, 'delta_stop_loss_multiplier': 2.0}",11660.586874891815,0.988,46.64234749956726,1004.2678361951957,-320.11654302268,320.78524067443414,132.94939425945836,0.35082783008805624,250,20.138600293935234
"{'short_put_delta_min': -0.6, 'short_put_delta_max': -0.25, 'long_put_delta_min': -0.45, 'long_put_delta_max': -0.15, 'spread_width_min': 3.0, 'spread_width_max': 4.0, 'target_profit_pct': 0.5, 'delta_stop_loss_multiplier': 2.5}",10551.664496634896,0.988,42.20665798653957,956.2329757546488,-275.3749479799188,475.3987971317852,120.76481314870233,0.34949466559078673,250,14.86368574077744
"{'short_put_delta_min': -0.6, 'short_put_delta_max': -0.25, 'long_put_delta_min': -0.4, 'long_put_delta_max': -0.2, 'spread_width_min': 3.0, 'spread_width_max': 5.0, 'target_profit_pct': 0.6, 'delta_stop_loss_multiplier': 2.0}",15541.897865333698,0.988,62.16759146133479,1315.4715637938373,-375.08398286656796,445.17339249915915,179.32756904182835,0.34667057493448833,250,19.724926432504745
"{'short_put_delta_min': -0.6, 'short_put_delta_max': -0.25, 'long_put_delta_min': -0.4, 'long_put_delta_max': -0.2, 'spread_width_min': 3.0, 'spread_width_max': 4.0, 'target_profit_pct': 0.4, 'delta_stop_loss_multiplier': 2.0}",18354.753027144605,0.984,73.4190121085784,1381.484494810809,-275.4171780547258,567.4199475499264,212.54354742332742,0.34543044471892725,250,22.777342821695107
"{'short_put_delta_min': -0.6, 'short_put_delta_max': -0.25, 'long_put_delta_min': -0.45, 'long_put_delta_max': -0.2, 'spread_width_min': 2.0, 'spread_width_max': 4.0, 'target_profit_pct': 0.5, 'delta_stop_loss_multiplier': 2.5}",10511.03579519473,0.992,42.04414318077888,827.3844857731135,-309.33040828374595,309.33040828374595,122.13215839981682,0.34425120894974653,250,18.96142777771691
"{'short_put_delta_min': -0.6, 'short_put_delta_max': -0.25, 'long_put_delta_min': -0.45, 'long_put_delta_max': -0.15, 'spread_width_min': 3.0, 'spread_width_max': 4.0, 'target_profit_pct': 0.5, 'delta_stop_loss_multiplier': 2.0}",16462.22186074208,0.988,65.84888744296832,1096.0292225062472,-375.91779439377694,386.6058977340907,191.4322341762491,0.3439801438160207,250,20.709268079646684
"{'short_put_delta_min': -0.6, 'short_put_delta_max': -0.25, 'long_put_delta_min': -0.4, 'long_put_delta_max': -0.2, 'spread_width_min': 2.0, 'spread_width_max': 5.0, 'target_profit_pct': 0.6, 'delta_stop_loss_multiplier': 2.5}",9972.044011447262,0.988,39.888176045789066,807.7251756664512,-275.4177036967431,275.41770369674305,116.14729410042858,0.34342751034130103,250,19.666624451865395
"{'short_put_delta_min': -0.6, 'short_put_delta_max': -0.25, 'long_put_delta_min': -0.4, 'long_put_delta_max': -0.2, 'spread_width_min': 3.0, 'spread_width_max': 5.0, 'target_profit_pct': 0.4, 'delta_stop_loss_multiplier': 2.0}",11037.956958556308,0.988,44.15182783422522,865.6143212771248,-338.51147876664396,356.9458081878942,128.91787061537585,0.3424802754146584,250,18.461043575547826
"{'short_put_delta_min': -0.6, 'short_put_delta_max': -0.25, 'long_put_delta_min': -0.4, 'long_put_delta_max': -0.25, 'spread_width_min': 2.0, 'spread_width_max': 5.0, 'target_profit_pct': 0.6, 'delta_stop_loss_multiplier': 2.5}",14340.369809923408,0.988,57.361479239693594,1113.0651927697857,-349.472640552567,377.974374123423,170.16734641479528,0.33708863920267534,250,26.27460822431396
"{'short_put_delta_min': -0.6, 'short_put_delta_max': -0.25, 'long_put_delta_min': -0.45, 'long_put_delta_max': -0.25, 'spread_width_min': 3.0, 'spread_width_max': 5.0, 'target_profit_pct': 0.6, 'delta_stop_loss_multiplier': 2.0}",12655.42195666536,0.988,50.62168782666142,980.5390819001833,-475.671728440316,475.67172844031666,150.22068112541876,0.3369821481797006,250,16.206290589961768
"{'short_put_delta_min': -0.6, 'short_put_delta_max': -0.25, 'long_put_delta_min': -0.45, 'long_put_delta_max': -0.15, 'spread_width_min': 3.0, 'spread_width_max': 5.0, 'target_profit_pct': 0.6, 'delta_stop_loss_multiplier': 2.5}",12033.290524598086,0.988,48.1331620983923,994.4071442864301,-375.41865455386335,586.2957836369307,142.89235963948346,0.3368490954998012,250,13.354532253603443
"{'short_put_delta_min': -0.6, 'short_put_delta_max': -0.25, 'long_put_delta_min': -0.45, 'long_put_delta_max': -0.2, 'spread_width_min': 3.0, 'spread_width_max': 5.0, 'target_profit_pct': 0.4, 'delta_stop_loss_multiplier': 2.0}",9952.749974940785,0.984,39.81099989976313,782.1808307863346,-375.3454826018498,669.7726832640938,118.2031731019501,0.33680144834543646,250,10.523085809817811
"{'short_put_delta_min': -0.6, 'short_put_delta_max': -0.25, 'long_put_delta_min': -0.4, 'long_put_delta_max': -0.25, 'spread_width_min': 2.0, 'spread_width_max': 4.0, 'target_profit_pct': 0.4, 'delta_stop_loss_multiplier': 2.5}",16777.1160242191,0.992,67.1084640968764,1577.9778318840395,-375.50956854515096,375.5095685451506,199.3284690792525,0.33667275129772983,250,32.49607033130178
"{'short_put_delta_min': -0.6, 'short_put_delta_max': -0.25, 'long_put_delta_min': -0.45, 'long_put_delta_max': -0.15, 'spread_width_min': 2.0, 'spread_width_max': 4.0, 'target_profit_pct': 0.6, 'delta_stop_loss_multiplier': 2.0}",11164.712241195655,0.984,44.65884896478262,1154.5626141075836,-318.54602673646184,387.80317712789486,132.86757741369934,0.3361154755289311,250,20.79470461145086
"{'short_put_delta_min': -0.6, 'short_put_delta_max': -0.25, 'long_put_delta_min': -0.45, 'long_put_delta_max': -0.25, 'spread_width_min': 2.0, 'spread_width_max': 4.0, 'target_profit_pct': 0.6, 'delta_stop_loss_multiplier': 1.5}",12230.547543108289,0.988,48.92219017243319,977.381736464416,-276.1696830381654,276.1696830381661,145.5889856409782,0.3360294733632879,250,37.750762089418686
"{'short_put_delta_min': -0.6, 'short_put_delta_max': -0.25, 'long_put_delta_min': -0.45, 'long_put_delta_max': -0.25, 'spread_width_min': 3.0, 'spread_width_max': 4.0, 'target_profit_pct': 0.5, 'delta_stop_loss_multiplier': 2.0}",16669.722311896603,0.984,66.67888924758638,1345.1413570528855,-275.9258819229891,275.925881922989,198.70208893659733,0.33557216033527737,250,31.41812883592945
"{'short_put_delta_min': -0.6, 'short_put_delta_max': -0.25, 'long_put_delta_min': -0.45, 'long_put_delta_max': -0.15, 'spread_width_min': 2.0, 'spread_width_max': 5.0, 'target_profit_pct': 0.5, 'delta_stop_loss_multiplier': 2.5}",10746.688439456246,0.988,42.98675375782497,1014.9019593112538,-375.8126756700721,408.077012460138,128.25019671023045,0.33517885243443013,250,14.709439736463448
"{'short_put_delta_min': -0.6, 'short_put_delta_max': -0.25, 'long_put_delta_min': -0.4, 'long_put_delta_max': -0.2, 'spread_width_min': 3.0, 'spread_width_max': 5.0, 'target_profit_pct': 0.5, 'delta_stop_loss_multiplier': 2.0}",13107.03705028818,0.992,52.428148201152716,1540.3203564453509,-275.70468248938715,275.7046824893878,156.42417536896832,0.3351665308606351,250,34.619162706690865
"{'short_put_delta_min': -0.6, 'short_put_delta_max': -0.25, 'long_put_delta_min': -0.4, 'long_put_delta_max': -0.2, 'spread_width_min': 3.0, 'spread_width_max': 5.0, 'target_profit_pct': 0.4, 'delta_stop_loss_multiplier': 1.5}",12437.80930021666,0.988,49.75123720086668,927.3748889502849,-375.1648636587921,489.4462449489655,148.8548471571718,0.334226517651358,250,15.217490666706182
"{'short_put_delta_min': -0.6, 'short_put_delta_max': -0.25, 'long_put_delta_min': -0.4, 'long_put_delta_max': -0.2, 'spread_width_min': 3.0, 'spread_width_max': 5.0, 'target_profit_pct': 0.5, 'delta_stop_loss_multiplier': 1.5}",17819.93041076692,0.984,71.27972164306766,1531.4146905882862,-376.1812469221522,633.0808248984752,213.30528880568286,0.33416762445117876,250,18.656395606565503
"{'short_put_delta_min': -0.6, 'short_put_delta_max': -0.25, 'long_put_delta_min': -0.45, 'long_put_delta_max': -0.25, 'spread_width_min': 2.0, 'spread_width_max': 5.0, 'target_profit_pct': 0.6, 'delta_stop_loss_multiplier': 2.0}",10146.177496068905,0.988,40.58470998427561,964.8030379081838,-282.7260434986782,477.2118345525094,121.62430517691473,0.3336891415350007,250,16.53114552584846
"{'short_put_delta_min': -0.6, 'short_put_delta_max': -0.25, 'long_put_delta_min': -0.4, 'long_put_delta_max': -0.2, 'spread_width_min': 2.0, 'spread_width_max': 5.0, 'target_profit_pct': 0.4, 'delta_stop_loss_multiplier': 2.5}",14675.398967978705,0.984,58.7015958719148,1105.6309837702222,-453.0816344804016,697.7083834927506,176.40658522592548,0.3327630643534942,250,14.672230339299668
"{'short_put_delta_min': -0.6, 'short_put_delta_max': -0.25, 'long_put_delta_min': -0.45, 'long_put_delta_max': -0.25, 'spread_width_min': 3.0, 'spread_width_max': 5.0, 'target_profit_pct': 0.6, 'delta_stop_loss_multiplier': 2.5}",17269.325061147832,0.984,69.07730024459134,1576.792017524693,-375.33206391636486,734.5248093279888,208.2579513476827,0.3316910581208402,250,16.559956853414658
"{'short_put_delta_min': -0.6, 'short_put_delta_max': -0.25, 'long_put_delta_min': -0.45, 'long_put_delta_max': -0.25, 'spread_width_min': 2.0, 'spread_width_max': 4.0, 'target_profit_pct': 0.4, 'delta_stop_loss_multiplier': 2.5}",13088.734496426401,0.984,52.354937985705604,1295.2971058966018,-314.3531174610273,436.4264776800244,158.08393299090295,0.3311844347187288,250,20.91487001612002
"{'short_put_delta_min': -0.6, 'short_put_delta_max': -0.25, 'long_put_delta_min': -0.45, 'long_put_delta_max': -0.15, 'spread_width_min': 3.0, 'spread_width_max': 4.0, 'target_profit_pct': 0.4, 'delta_stop_loss_multiplier': 2.5}",18108.327386262437,0.984,72.43330954504977,1584.3072812476155,-375.71071117153554,450.0015011292995,219.49731841628477,0.32999633010403034,250,22.58075263204749
"{'short_put_delta_min': -0.6, 'short_put_delta_max': -0.25, 'long_put_delta_min': -0.45, 'long_put_delta_max': -0.25, 'spread_width_min': 2.0, 'spread_width_max': 5.0, 'target_profit_pct': 0.4, 'delta_stop_loss_multiplier': 2.5}",8661.06697757305,0.988,34.6442679102922,1040.4750333549794,-258.0428851665447,507.1986392332838,105.1485291836473,0.3294793391715847,250,13.67835752597109
"{'short_put_delta_min': -0.6, 'short_put_delta_max': -0.25, 'long_put_delta_min': -0.4, 'long_put_delta_max': -0.25, 'spread_width_min': 2.0, 'spread_width_max': 5.0, 'target_profit_pct': 0.4, 'delta_stop_loss_multiplier': 1.5}",10878.582887693341,0.988,43.51433155077338,846.5381886216474,-275.0837451647606,275.08374516476033,132.14498436550227,0.32929234325244067,250,21.909326021083235
"{'short_put_delta_min': -0.6, 'short_put_delta_max': -0.25, 'long_put_delta_min': -0.4, 'long_put_delta_max': -0.2, 'spread_width_min': 2.0, 'spread_width_max': 4.0, 'target_profit_pct': 0.6, 'delta_stop_loss_multiplier': 2.5}",17149.334764479387,0.992,68.59733905791755,1292.6991105472594,-375.30096369030514,375.30096369030434,208.32751032183782,0.32927643090412756,250,28.71202776888992
"{'short_put_delta_min': -0.6, 'short_put_delta_max': -0.25, 'long_put_delta_min': -0.4, 'long_put_delta_max': -0.2, 'spread_width_min': 2.0, 'spread_width_max': 4.0, 'target_profit_pct': 0.4, 'delta_stop_loss_multiplier': 1.5}",18425.678726699145,0.984,73.70271490679659,1550.4452105315297,-281.01657277771073,560.0665971602918,224.07778080973168,0.3289157659472665,250,23.06239669322774
"{'short_put_delta_min': -0.6, 'short_put_delta_max': -0.25, 'long_put_delta_min': -0.45, 'long_put_delta_max': -0.2, 'spread_width_min': 3.0, 'spread_width_max': 5.0, 'target_profit_pct': 0.6, 'delta_stop_loss_multiplier': 2.5}",15994.877555147415,0.992,63.979510220589646,1653.6380083943955,-375.4253447262417,375.42534472624175,194.68208553234984,0.32863583747647046,250,23.159277816436333
"{'short_put_delta_min': -0.6, 'short_put_delta_max': -0.25, 'long_put_delta_min': -0.45, 'long_put_delta_max': -0.25, 'spread_width_min': 3.0, 'spread_width_max': 5.0, 'target_profit_pct': 0.4, 'delta_stop_loss_multiplier': 1.5}",12621.454158108094,0.984,50.48581663243238,994.4148501829734,-276.0144845936793,365.87627740152004,153.66916320274203,0.3285357685316759,250,20.662931616084688
"{'short_put_delta_min': -0.6, 'short_put_delta_max': -0.25, 'long_put_delta_min': -0.4, 'long_put_delta_max': -0.2, 'spread_width_min': 3.0, 'spread_width_max': 4.0, 'target_profit_pct': 0.6, 'delta_stop_loss_multiplier': 2.0}",9119.993497980708,0.984,36.479973991922805,790.2360846461336,-375.7033242348996,711.3741080494265,111.10859104139136,0.3283272125945049,250,9.389460793806052
"{'short_put_delta_min': -0.6, 'short_put_delta_max': -0.25, 'long_put_delta_min': -0.45, 'long_put_delta_max': -0.2, 'spread_width_min': 2.0, 'spread_width_max': 5.0, 'target_profit_pct': 0.4, 'delta_stop_loss_multiplier': 1.5}",15829.25313904879,0.988,63.31701255619515,1047.3822290615694,-375.1986735593784,375.1986735593782,192.94066505767805,0.32816831297470156,250,25.25718707808715
"{'short_put_delta_min': -0.6, 'short_put_delta_max': -0.25, 'long_put_delta_min': -0.45, 'long_put_delta_max': -0.25, 'spread_width_min': 2.0, 'spread_width_max': 4.0, 'target_profit_pct': 0.4, 'delta_stop_loss_multiplier': 1.5}",13528.697789490376,0.988,54.114791157961506,1097.4315216929463,-276.2308687679591,498.0435358406801,165.10337044679017,0.32776309176196816,250,18.2502740426384
"{'short_put_delta_min': -0.6, 'short_put_delta_max': -0.25, 'long_put_delta_min': -0.4, 'long_put_delta_max': -0.2, 'spread_width_min': 3.0, 'spread_width_max': 4.0, 'target_profit_pct': 0.5, 'delta_stop_loss_multiplier': 2.0}",11414.12096018064,0.988,45.656483840722515,986.0774747297143,-344.72586963519836,634.1022499281589,139.4327194379292,0.3274445483439578,250,13.54587429743379
"{'short_put_delta_min': -0.6, 'short_put_delta_max': -0.25, 'long_put_delta_min': -0.4, 'long_put_delta_max': -0.2, 'spread_width_min': 3.0, 'spread_width_max': 4.0, 'target_profit_pct': 0.6, 'delta_stop_loss_multiplier': 1.5}",15159.952826087265,0.988,60.63981130434904,1400.459453307038,-275.7771272159024,275.7771272159025,185.46654905031227,0.32695821222132637,250,23.763843122574414
"{'short_put_delta_min': -0.6, 'short_put_delta_max': -0.25, 'long_put_delta_min': -0.4, 'long_put_delta_max': -0.2, 'spread_width_min': 2.0, 'spread_width_max': 4.0, 'target_profit_pct': 0.5, 'delta_stop_loss_multiplier': 1.5}",13135.558505544383,0.988,52.54223402217755,1281.3429804748891,-320.6730742163912,551.9725927465352,161.8415632079475,0.3246522894410438,250,19.000103347675815
"{'short_put_delta_min': -0.6, 'short_put_delta_max': -0.25, 'long_put_delta_min': -0.45, 'long_put_delta_max': -0.2, 'spread_width_min': 3.0, 'spread_width_max': 5.0, 'target_profit_pct': 0.5, 'delta_stop_loss_multiplier': 2.5}",15893.630713310924,0.984,63.57452285324368,1468.106265920485,-305.3484834302525,561.8168049571838,195.9360923242588,0.32446560559160714,250,19.985517991507894
"{'short_put_delta_min': -0.6, 'short_put_delta_max': -0.25, 'long_put_delta_min': -0.4, 'long_put_delta_max': -0.25, 'spread_width_min': 3.0, 'spread_width_max': 5.0, 'target_profit_pct': 0.4, 'delta_stop_loss_multiplier': 2.0}",13702.442915625163,0.992,54.809771662500665,1142.6732136004914,-275.9415419692205,275.94154196922136,169.00027783175975,0.3243176423476886,250,43.861659209906456
"{'short_put_delta_min': -0.6, 'short_put_delta_max': -0.25, 'long_put_delta_min': -0.45, 'long_put_delta_max': -0.2, 'spread_width_min': 3.0, 'spread_width_max': 4.0, 'target_profit_pct': 0.5, 'delta_stop_loss_multiplier': 1.5}",14997.632668396596,0.984,59.990530673586406,1358.648899852688,-375.1649018595956,375.1649018595963,185.15826240334192,0.32399596915046247,250,21.8963566479591
"{'short_put_delta_min': -0.6, 'short_put_delta_max': -0.25, 'long_put_delta_min': -0.4, 'long_put_delta_max': -0.25, 'spread_width_min': 3.0, 'spread_width_max': 5.0, 'target_profit_pct': 0.4, 'delta_stop_loss_multiplier': 1.5}",16917.11163296629,0.984,67.66844653186516,1354.0415697410915,-353.94019913676834,813.8609039662276,209.10831021639643,0.323604769517951,250,16.53149626533865
"{'short_put_delta_min': -0.6, 'short_put_delta_max': -0.25, 'long_put_delta_min': -0.4, 'long_put_delta_max': -0.2, 'spread_width_min': 2.0, 'spread_width_max': 5.0, 'target_profit_pct': 0.5, 'delta_stop_loss_multiplier': 1.5}",12397.879164882996,0.984,49.59151665953195,1045.7541675229047,-375.1935008832615,607.5591179854667,153.31674981641615,0.32345791780032906,250,13.615462860993965
"{'short_put_delta_min': -0.6, 'short_put_delta_max': -0.25, 'long_put_delta_min': -0.45, 'long_put_delta_max': -0.25, 'spread_width_min': 2.0, 'spread_width_max': 5.0, 'target_profit_pct': 0.5, 'delta_stop_loss_multiplier': 2.0}",17189.362750629098,0.984,68.7574510025164,1426.3294124131512,-475.52050507607106,475.52050507607055,212.64655205774557,0.32334148067373725,250,22.0100077860423
"{'short_put_delta_min': -0.6, 'short_put_delta_max': -0.25, 'long_put_delta_min': -0.45, 'long_put_delta_max': -0.15, 'spread_width_min': 3.0, 'spread_width_max': 5.0, 'target_profit_pct': 0.6, 'delta_stop_loss_multiplier': 2.0}",15555.259814471827,0.988,62.221039257887284,1318.4482894105013,-475.20938750824547,535.2630454075712,192.94266334709485,0.3224846085282576,250,14.133890262924496
"{'short_put_delta_min': -0.6, 'short_put_delta_max': -0.25, 'long_put_delta_min': -0.4, 'long_put_delta_max': -0.25, 'spread_width_min': 3.0, 'spread_width_max': 5.0, 'target_profit_pct': 0.6, 'delta_stop_loss_multiplier': 1.5}",14729.073352869145,0.992,58.9162934114766,1434.1983153628466,-303.10570993238014,303.10570993238014,182.77129526601857,0.32234981606781066,250,26.42909402539403
"{'short_put_delta_min': -0.6, 'short_put_delta_max': -0.25, 'long_put_delta_min': -0.45, 'long_put_delta_max': -0.2, 'spread_width_min': 3.0, 'spread_width_max': 4.0, 'target_profit_pct': 0.6, 'delta_stop_loss_multiplier': 2.5}",15558.082672557164,0.992,62.23233069022863,1474.3517620391901,-290.1228684766767,290.1228684766767,193.3025324774514,0.3219426558598656,250,28.513828088440626
"{'short_put_delta_min': -0.6, 'short_put_delta_max': -0.25, 'long_put_delta_min': -0.45, 'long_put_delta_max': -0.2, 'spread_width_min': 2.0, 'spread_width_max': 4.0, 'target_profit_pct': 0.4, 'delta_stop_loss_multiplier': 2.5}",13286.85606607009,0.984,53.147424264280396,1125.4611309498102,-375.3514570846177,465.70420644026717,165.1705807513251,0.3217729454151236,250,16.797831989365065
"{'short_put_delta_min': -0.6, 'short_put_delta_max': -0.25, 'long_put_delta_min': -0.45, 'long_put_delta_max': -0.15, 'spread_width_min': 2.0, 'spread_width_max': 5.0, 'target_profit_pct': 0.4, 'delta_stop_loss_multiplier': 1.5}",10892.397617898267,0.984,43.56959047159308,981.0378421531362,-350.7525234074118,735.4461502803867,135.44987693510868,0.32166578115435573,250,11.768245505457315
"{'short_put_delta_min': -0.6, 'short_put_delta_max': -0.25, 'long_put_delta_min': -0.4, 'long_put_delta_max': -0.2, 'spread_width_min': 3.0, 'spread_width_max': 5.0, 'target_profit_pct': 0.6, 'delta_stop_loss_multiplier': 2.5}",12315.446954007288,0.988,49.26178781602919,1067.905448083643,-475.8836495494849,667.5402824386201,153.53322537720504,0.32085424959321573,250,11.770674471185899
"{'short_put_delta_min': -0.6, 'short_put_delta_max': -0.25, 'long_put_delta_min': -0.45, 'long_put_delta_max': -0.25, 'spread_width_min': 3.0, 'spread_width_max': 4.0, 'target_profit_pct': 0.4, 'delta_stop_loss_multiplier': 2.0}",10394.657682175406,0.988,41.57863072870164,1001.8744116712897,-375.3756092222633,375.37560922226294,129.60617300935587,0.32080748750833193,250,17.677862954211488
"{'short_put_delta_min': -0.6, 'short_put_delta_max': -0.25, 'long_put_delta_min': -0.45, 'long_put_delta_max': -0.15, 'spread_width_min': 2.0, 'spread_width_max': 5.0, 'target_profit_pct': 0.4, 'delta_stop_loss_multiplier': 2.5}",10197.467637733414,0.988,40.7898705509337,1088.482910937494,-276.2398680012112,276.239868001212,127.18989982395718,0.3207005478217274,250,19.48633231991484
"{'short_put_delta_min': -0.6, 'short_put_delta_max': -0.25, 'long_put_delta_min': -0.45, 'long_put_delta_max': -0.2, 'spread_width_min': 2.0, 'spread_width_max': 5.0, 'target_profit_pct': 0.4, 'delta_stop_loss_multiplier': 2.0}",16050.15917832872,0.984,64.2006367133149,1204.9775141691732,-376.0856103768849,693.8668413065009,200.29081674959878,0.3205370957849645,250,16.000815366212347
"{'short_put_delta_min': -0.6, 'short_put_delta_max': -0.25, 'long_put_delta_min': -0.4, 'long_put_delta_max': -0.25, 'spread_width_min': 2.0, 'spread_width_max': 4.0, 'target_profit_pct': 0.4, 'delta_stop_loss_multiplier': 2.0}",16792.941157161473,0.992,67.17176462864587,1296.1868721606643,-275.42646659427595,275.42646659427555,209.58780418105542,0.3204946246329228,250,32.12539731249461
"{'short_put_delta_min': -0.6, 'short_put_delta_max': -0.25, 'long_put_delta_min': -0.4, 'long_put_delta_max': -0.25, 'spread_width_min': 3.0, 'spread_width_max': 4.0, 'target_profit_pct': 0.5, 'delta_stop_loss_multiplier': 2.0}",13806.726595036043,0.984,55.22690638014418,1261.0128978009907,-285.9031882197897,712.3444361531016,172.3512106362948,0.32043236700371713,250,14.972235583685393
"{'short_put_delta_min': -0.6, 'short_put_delta_max': -0.25, 'long_put_delta_min': -0.4, 'long_put_delta_max': -0.2, 'spread_width_min': 3.0, 'spread_width_max': 4.0, 'target_profit_pct': 0.5, 'delta_stop_loss_multiplier': 1.5}",9475.462959538458,0.988,37.90185183815383,905.500139491153,-375.03865674108863,431.2243532302192,118.39203710924532,0.3201385225188768,250,11.581464925559246
"{'short_put_delta_min': -0.6, 'short_put_delta_max': -0.25, 'long_put_delta_min': -0.45, 'long_put_delta_max': -0.2, 'spread_width_min': 2.0, 'spread_width_max': 5.0, 'target_profit_pct': 0.5, 'delta_stop_loss_multiplier': 2.5}",16860.87384538118,0.984,67.44349538152474,1534.636019577735,-375.7314428583047,677.1410006078813,210.75205082978883,0.3200134713564169,250,17.014165770996065
"{'short_put_delta_min': -0.6, 'short_put_delta_max': -0.25, 'long_put_delta_min': -0.45, 'long_put_delta_max': -0.2, 'spread_width_min': 2.0, 'spread_width_max': 4.0, 'target_profit_pct': 0.6, 'delta_stop_loss_multiplier': 2.5}",13154.508533529915,0.984,52.618034134119675,1061.407932710819,-375.15675014826587,480.7970431048918,164.59036719807054,0.31969084843706763,250,16.36824608666618
"{'short_put_delta_min': -0.6, 'short_put_delta_max': -0.25, 'long_put_delta_min': -0.4, 'long_put_delta_max': -0.2, 'spread_width_min': 2.0, 'spread_width_max': 5.0, 'target_profit_pct': 0.4, 'delta_stop_loss_multiplier': 2.0}",9014.501307222965,0.988,36.05800522889185,1136.14129509664,-375.0821795038962,375.08217950389644,112.97168702968945,0.319177363611607,250,15.575531254536914
"{'short_put_delta_min': -0.6, 'short_put_delta_max': -0.25, 'long_put_delta_min': -0.45, 'long_put_delta_max': -0.15, 'spread_width_min': 2.0, 'spread_width_max': 5.0, 'target_profit_pct': 0.6, 'delta_stop_loss_multiplier': 2.5}",10015.801810426268,0.984,40.063207241705065,1116.5899886990635,-275.23072275379127,586.3310622412841,125.62050686150887,0.3189225090921899,250,12.625169529174878
"{'short_put_delta_min': -0.6, 'short_put_delta_max': -0.25, 'long_put_delta_min': -0.4, 'long_put_delta_max': -0.2, 'spread_width_min': 3.0, 'spread_width_max': 5.0, 'target_profit_pct': 0.4, 'delta_stop_loss_multiplier': 2.5}",15899.585219256052,0.988,63.598340877024214,1290.978790876377,-375.48605468449324,375.48605468449387,199.48952202117775,0.31880542011761714,250,23.619014734682658
"{'short_put_delta_min': -0.6, 'short_put_delta_max': -0.25, 'long_put_delta_min': -0.45, 'long_put_delta_max': -0.15, 'spread_width_min': 3.0, 'spread_width_max': 5.0, 'target_profit_pct': 0.5, 'delta_stop_loss_multiplier': 2.0}",13620.718978764875,0.984,54.4828759150595,1181.2170189788922,-476.13102332096366,888.8140880676874,171.72311896065182,0.3172716419595405,250,10.978949970308765
"{'short_put_delta_min': -0.6, 'short_put_delta_max': -0.25, 'long_put_delta_min': -0.4, 'long_put_delta_max': -0.25, 'spread_width_min': 3.0, 'spread_width_max': 5.0, 'target_profit_pct': 0.5, 'delta_stop_loss_multiplier': 2.0}",8069.05471020089,0.988,32.27621884080355,839.5024541658929,-375.8346722966403,478.3269324981818,101.79422536945437,0.3170731809555943,250,10.325042342933827
"{'short_put_delta_min': -0.6, 'short_put_delta_max': -0.25, 'long_put_delta_min': -0.45, 'long_put_delta_max': -0.15, 'spread_width_min': 2.0, 'spread_width_max': 4.0, 'target_profit_pct': 0.6, 'delta_stop_loss_multiplier': 2.5}",12899.463217087055,0.984,51.59785286834825,1368.965940929286,-275.3730795944995,438.51243429833164,162.76619294923822,0.31700595764649997,250,19.069372421841205
"{'short_put_delta_min': -0.6, 'short_put_delta_max': -0.25, 'long_put_delta_min': -0.4, 'long_put_delta_max': -0.2, 'spread_width_min': 2.0, 'spread_width_max': 4.0, 'target_profit_pct': 0.4, 'delta_stop_loss_multiplier': 2.5}",15010.237859140767,0.992,60.04095143656308,1728.380189208232,-275.1290132545018,275.12901325450184,189.42282868056634,0.31696787475290683,250,29.458163424703198
"{'short_put_delta_min': -0.6, 'short_put_delta_max': -0.25, 'long_put_delta_min': -0.4, 'long_put_delta_max': -0.2, 'spread_width_min': 2.0, 'spread_width_max': 4.0, 'target_profit_pct': 0.5, 'delta_stop_loss_multiplier': 2.5}",15004.611407862318,0.984,60.018445631449275,1507.2192695699516,-274.2010343375453,514.2388141177993,189.39807657698387,0.31689047067515397,250,22.756732738993342
"{'short_put_delta_min': -0.6, 'short_put_delta_max': -0.25, 'long_put_delta_min': -0.45, 'long_put_delta_max': -0.25, 'spread_width_min': 3.0, 'spread_width_max': 4.0, 'target_profit_pct': 0.5, 'delta_stop_loss_multiplier': 2.5}",10846.5696247923,0.988,43.38627849916919,1029.6207840781478,-375.5732259018378,375.57322590183867,137.08068803979754,0.31650175615235604,250,15.62435743329033
"{'short_put_delta_min': -0.6, 'short_put_delta_max': -0.25, 'long_put_delta_min': -0.4, 'long_put_delta_max': -0.25, 'spread_width_min': 3.0, 'spread_width_max': 4.0, 'target_profit_pct': 0.6, 'delta_stop_loss_multiplier': 2.0}",8691.873215447462,0.988,34.76749286178985,948.1665068115236,-375.2329985978685,522.2934611083887,110.07575383322971,0.3158505997103081,250,10.315799405570358
"{'short_put_delta_min': -0.6, 'short_put_delta_max': -0.25, 'long_put_delta_min': -0.45, 'long_put_delta_max': -0.25, 'spread_width_min': 2.0, 'spread_width_max': 5.0, 'target_profit_pct': 0.6, 'delta_stop_loss_multiplier': 2.5}",12895.632380253128,0.992,51.5825295210125,1224.0305265382972,-275.11240366386636,275.11240366386664,163.52274816709155,0.3154455884529546,250,30.268893491797552
"{'short_put_delta_min': -0.6, 'short_put_delta_max': -0.25, 'long_put_delta_min': -0.45, 'long_put_delta_max': -0.2, 'spread_width_min': 2.0, 'spread_width_max': 5.0, 'target_profit_pct': 0.6, 'delta_stop_loss_multiplier': 1.5}",14406.636315989675,0.988,57.6265452639587,1322.666893493255,-475.021908612067,475.0219086120669,183.83266666161555,0.3134728245553497,250,13.488767919667003
"{'short_put_delta_min': -0.6, 'short_put_delta_max': -0.25, 'long_put_delta_min': -0.45, 'long_put_delta_max': -0.2, 'spread_width_min': 2.0, 'spread_width_max': 4.0, 'target_profit_pct': 0.5, 'delta_stop_loss_multiplier': 2.0}",16214.347534887851,0.984,64.85739013955137,1331.0086182598905,-375.9531870296548,644.638905407092,206.95636470886228,0.3133867867788946,250,16.88719690760563
"{'short_put_delta_min': -0.6, 'short_put_delta_max': -0.25, 'long_put_delta_min': -0.45, 'long_put_delta_max': -0.25, 'spread_width_min': 3.0, 'spread_width_max': 5.0, 'target_profit_pct': 0.4, 'delta_stop_loss_multiplier': 2.5}",15103.723050768376,0.984,60.4148922030735,1322.2016764394234,-394.6093014089816,809.9105429885706,192.78522635370192,0.3133792632648658,250,13.735724366449952
"{'short_put_delta_min': -0.6, 'short_put_delta_max': -0.25, 'long_put_delta_min': -0.45, 'long_put_delta_max': -0.15, 'spread_width_min': 2.0, 'spread_width_max': 4.0, 'target_profit_pct': 0.4, 'delta_stop_loss_multiplier': 2.0}",14938.627897431852,0.988,59.7545115897274,1314.9473605046346,-275.1595678882517,283.23014162489017,191.07906180553925,0.3127213993259996,250,27.75305014208945
"{'short_put_delta_min': -0.6, 'short_put_delta_max': -0.25, 'long_put_delta_min': -0.45, 'long_put_delta_max': -0.25, 'spread_width_min': 3.0, 'spread_width_max': 4.0, 'target_profit_pct': 0.6, 'delta_stop_loss_multiplier': 2.5}",9870.50535319172,0.984,39.48202141276687,877.7698442883257,-375.6110200196109,1009.3829811227257,126.38165832759388,0.3124030965824608,250,8.126749534691537
"{'short_put_delta_min': -0.6, 'short_put_delta_max': -0.25, 'long_put_delta_min': -0.45, 'long_put_delta_max': -0.25, 'spread_width_min': 2.0, 'spread_width_max': 4.0, 'target_profit_pct': 0.5, 'delta_stop_loss_multiplier': 2.0}",10516.95620302633,0.98,42.067824812105286,1360.2173270296942,-275.74639116797334,338.97255379968965,134.89009574062413,0.3118674101395566,250,18.108560406544118
"{'short_put_delta_min': -0.6, 'short_put_delta_max': -0.25, 'long_put_delta_min': -0.45, 'long_put_delta_max': -0.2, 'spread_width_min': 2.0, 'spread_width_max': 4.0, 'target_profit_pct': 0.4, 'delta_stop_loss_multiplier': 2.0}",12613.59010917036,0.984,50.45436043668144,1318.8802982460463,-275.3065578163555,386.9177758565097,162.22736861408075,0.3110101634990225,250,20.047306883472817
"{'short_put_delta_min': -0.6, 'short_put_delta_max': -0.25, 'long_put_delta_min': -0.4, 'long_put_delta_max': -0.25, 'spread_width_min': 3.0, 'spread_width_max': 5.0, 'target_profit_pct': 0.4, 'delta_stop_loss_multiplier': 2.5}",12905.369620062076,0.988,51.62147848024831,1237.1362811791164,-375.0707968980176,375.07079689801685,166.07436180308906,0.31083352011585524,250,18.760638295646693
"{'short_put_delta_min': -0.6, 'short_put_delta_max': -0.25, 'long_put_delta_min': -0.45, 'long_put_delta_max': -0.25, 'spread_width_min': 3.0, 'spread_width_max': 4.0, 'target_profit_pct': 0.4, 'delta_stop_loss_multiplier': 2.5}",9132.62777042091,0.988,36.530511081683656,908.8744645327603,-346.24818698722856,527.2141032171006,117.6387608278777,0.3105312468832701,250,11.04958812839375
"{'short_put_delta_min': -0.6, 'short_put_delta_max': -0.25, 'long_put_delta_min': -0.45, 'long_put_delta_max': -0.25, 'spread_width_min': 2.0, 'spread_width_max': 5.0, 'target_profit_pct': 0.5, 'delta_stop_loss_multiplier': 1.5}",12198.194724736302,0.988,48.7927788989452,1400.7925448606668,-320.2164756826079,320.2164756826079,157.22891367093482,0.31032955554894853,250,17.512476124099884
"{'short_put_delta_min': -0.6, 'short_put_delta_max': -0.25, 'long_put_delta_min': -0.45, 'long_put_delta_max': -0.2, 'spread_width_min': 2.0, 'spread_width_max': 5.0, 'target_profit_pct': 0.6, 'delta_stop_loss_multiplier': 2.0}",12030.383237762813,0.988,48.1215329510512,1158.9635811414691,-409.0462808765782,650.3555923563861,155.12200567569533,0.3102173204983961,250,15.32966439702989
"{'short_put_delta_min': -0.6, 'short_put_delta_max': -0.25, 'long_put_delta_min': -0.45, 'long_put_delta_max': -0.15, 'spread_width_min': 3.0, 'spread_width_max': 4.0, 'target_profit_pct': 0.4, 'delta_stop_loss_multiplier': 1.5}",10673.361054927629,0.992,42.69344421971055,969.4255924443527,-305.4538186255223,305.4538186255222,137.70555284356703,0.31003429664314364,250,19.349225159421984
"{'short_put_delta_min': -0.6, 'short_put_delta_max': -0.25, 'long_put_delta_min': -0.45, 'long_put_delta_max': -0.25, 'spread_width_min': 2.0, 'spread_width_max': 5.0, 'target_profit_pct': 0.5, 'delta_stop_loss_multiplier': 2.5}",14806.514976975819,0.988,59.226059907903284,1477.4133336667112,-275.9506747333523,275.95067473335257,191.175881853822,0.30979880586186626,250,23.30866290061088
"{'short_put_delta_min': -0.6, 'short_put_delta_max': -0.25, 'long_put_delta_min': -0.4, 'long_put_delta_max': -0.25, 'spread_width_min': 2.0, 'spread_width_max': 4.0, 'target_profit_pct': 0.5, 'delta_stop_loss_multiplier': 1.5}",13518.970839926566,0.988,54.07588335970626,1183.8892064578033,-375.765480567593,607.113806907309,174.78022998224267,0.3093935931151954,250,14.754456943189762
"{'short_put_delta_min': -0.6, 'short_put_delta_max': -0.25, 'long_put_delta_min': -0.45, 'long_put_delta_max': -0.25, 'spread_width_min': 2.0, 'spread_width_max': 4.0, 'target_profit_pct': 0.5, 'delta_stop_loss_multiplier': 1.5}",12057.912240759351,0.984,48.23164896303743,1128.061148402146,-255.99069915401645,665.6630053525668,156.0853772836686,0.3090081198021614,250,15.332703239721397
"{'short_put_delta_min': -0.6, 'short_put_delta_max': -0.25, 'long_put_delta_min': -0.45, 'long_put_delta_max': -0.2, 'spread_width_min': 3.0, 'spread_width_max': 5.0, 'target_profit_pct': 0.4, 'delta_stop_loss_multiplier': 2.5}",13124.471700762979,0.992,52.49788680305188,1225.2528109852888,-375.18852775756034,375.1885277575602,170.41016802065133,0.30806780729592304,250,24.144866818559596
"{'short_put_delta_min': -0.6, 'short_put_delta_max': -0.25, 'long_put_delta_min': -0.4, 'long_put_delta_max': -0.2, 'spread_width_min': 3.0, 'spread_width_max': 4.0, 'target_profit_pct': 0.4, 'delta_stop_loss_multiplier': 1.5}",11448.68822241127,0.988,45.794752889645096,1303.3553916996282,-275.5116118455544,394.5052942284791,148.67484857194958,0.3080195024882317,250,17.78577527080376
"{'short_put_delta_min': -0.6, 'short_put_delta_max': -0.25, 'long_put_delta_min': -0.45, 'long_put_delta_max': -0.25, 'spread_width_min': 3.0, 'spread_width_max': 4.0, 'target_profit_pct': 0.5, 'delta_stop_loss_multiplier': 1.5}",10978.145445975353,0.988,43.91258178390142,1086.0259406523205,-376.03413729632166,376.0341372963212,142.93747534809114,0.3072153168856697,250,17.38448271037554
"{'short_put_delta_min': -0.6, 'short_put_delta_max': -0.25, 'long_put_delta_min': -0.45, 'long_put_delta_max': -0.2, 'spread_width_min': 2.0, 'spread_width_max': 5.0, 'target_profit_pct': 0.4, 'delta_stop_loss_multiplier': 2.5}",11854.43012816427,0.988,47.4177205126571,1605.9920419601756,-275.53074793494386,275.53074793494307,154.38879849708115,0.3071318707979554,250,18.81719801538625
"{'short_put_delta_min': -0.6, 'short_put_delta_max': -0.25, 'long_put_delta_min': -0.45, 'long_put_delta_max': -0.2, 'spread_width_min': 3.0, 'spread_width_max': 4.0, 'target_profit_pct': 0.5, 'delta_stop_loss_multiplier': 2.0}",14012.972070721538,0.984,56.051888282886146,1591.1877266970869,-375.87316436903615,577.3698474882465,183.33146174504034,0.3057406936559405,250,15.700314501565448
"{'short_put_delta_min': -0.6, 'short_put_delta_max': -0.25, 'long_put_delta_min': -0.45, 'long_put_delta_max': -0.2, 'spread_width_min': 2.0, 'spread_width_max': 5.0, 'target_profit_pct': 0.5, 'delta_stop_loss_multiplier': 1.5}",16275.105803393955,0.984,65.10042321357585,1449.5115962249174,-376.21329793964765,376.2132979396483,213.01183424432165,0.3056188096052286,250,35.887100600212285
"{'short_put_delta_min': -0.6, 'short_put_delta_max': -0.25, 'long_put_delta_min': -0.45, 'long_put_delta_max': -0.15, 'spread_width_min': 2.0, 'spread_width_max': 4.0, 'target_profit_pct': 0.5, 'delta_stop_loss_multiplier': 2.0}",12492.007860983178,0.984,49.968031443932716,1211.797426484939,-275.4649419567992,463.2766324112529,163.5919000992275,0.3054431876738662,250,17.909848172101757
"{'short_put_delta_min': -0.6, 'short_put_delta_max': -0.25, 'long_put_delta_min': -0.45, 'long_put_delta_max': -0.2, 'spread_width_min': 2.0, 'spread_width_max': 4.0, 'target_profit_pct': 0.6, 'delta_stop_loss_multiplier': 1.5}",14418.523860491916,0.984,57.67409544196764,1490.6391040721826,-322.04553080599914,736.7026119756639,189.74186229306514,0.3039608378718625,250,16.8007015939249
"{'short_put_delta_min': -0.6, 'short_put_delta_max': -0.25, 'long_put_delta_min': -0.45, 'long_put_delta_max': -0.2, 'spread_width_min': 3.0, 'spread_width_max': 4.0, 'target_profit_pct': 0.6, 'delta_stop_loss_multiplier': 1.5}",10004.937891847709,0.988,40.019751567390834,1142.7876076337766,-275.5754762703357,511.357325898098,131.6786766252859,0.3039197582557262,250,13.700758818291375
"{'short_put_delta_min': -0.6, 'short_put_delta_max': -0.25, 'long_put_delta_min': -0.45, 'long_put_delta_max': -0.2, 'spread_width_min': 2.0, 'spread_width_max': 4.0, 'target_profit_pct': 0.4, 'delta_stop_loss_multiplier': 1.5}",12261.917800472891,0.988,49.04767120189158,1221.7773180039376,-219.87839135663273,235.3374748424501,161.61862441774073,0.3034778409888982,250,25.711753246641827
"{'short_put_delta_min': -0.6, 'short_put_delta_max': -0.25, 'long_put_delta_min': -0.45, 'long_put_delta_max': -0.2, 'spread_width_min': 3.0, 'spread_width_max': 5.0, 'target_profit_pct': 0.4, 'delta_stop_loss_multiplier': 1.5}",10605.31532919244,0.992,42.42126131676977,1127.9168454011738,-376.16448384684224,376.1644838468419,139.79422346414793,0.30345503745116664,250,16.17450184679401
"{'short_put_delta_min': -0.6, 'short_put_delta_max': -0.25, 'long_put_delta_min': -0.45, 'long_put_delta_max': -0.2, 'spread_width_min': 3.0, 'spread_width_max': 5.0, 'target_profit_pct': 0.6, 'delta_stop_loss_multiplier': 2.0}",15891.255745612181,0.984,63.565022982448745,1627.480748855362,-440.8018925701695,881.9893486892704,209.5628208007475,0.30332204319241546,250,13.633778868127354
"{'short_put_delta_min': -0.6, 'short_put_delta_max': -0.25, 'long_put_delta_min': -0.45, 'long_put_delta_max': -0.15, 'spread_width_min': 3.0, 'spread_width_max': 5.0, 'target_profit_pct': 0.5, 'delta_stop_loss_multiplier': 2.5}",15644.649190549833,0.992,62.57859676219933,1416.1432998955013,-375.553803412757,375.5538034127567,207.66729357367896,0.30134064775104735,250,23.383251721471638
"{'short_put_delta_min': -0.6, 'short_put_delta_max': -0.25, 'long_put_delta_min': -0.45, 'long_put_delta_max': -0.2, 'spread_width_min': 3.0, 'spread_width_max': 4.0, 'target_profit_pct': 0.5, 'delta_stop_loss_multiplier': 2.5}",12577.978646615002,0.984,50.311914586460006,1284.5968341031412,-339.9875005156723,907.3209655714779,167.0346536042331,0.3012064472900788,250,11.632008243620685
"{'short_put_delta_min': -0.6, 'short_put_delta_max': -0.25, 'long_put_delta_min': -0.45, 'long_put_delta_max': -0.2, 'spread_width_min': 2.0, 'spread_width_max': 4.0, 'target_profit_pct': 0.6, 'delta_stop_loss_multiplier': 2.0}",11854.62051769102,0.988,47.41848207076407,1219.831138688661,-229.49531609999795,377.21616509654325,157.69794435030656,0.30069182110218096,250,21.849818056152618
"{'short_put_delta_min': -0.6, 'short_put_delta_max': -0.25, 'long_put_delta_min': -0.4, 'long_put_delta_max': -0.25, 'spread_width_min': 2.0, 'spread_width_max': 5.0, 'target_profit_pct': 0.5, 'delta_stop_loss_multiplier': 2.5}",11958.738916701765,0.992,47.834955666807026,1353.697044809999,-475.435646756338,475.4356467563375,159.22740297628974,0.3004191161362472,250,18.066680208708636
"{'short_put_delta_min': -0.6, 'short_put_delta_max': -0.25, 'long_put_delta_min': -0.4, 'long_put_delta_max': -0.2, 'spread_width_min': 3.0, 'spread_width_max': 5.0, 'target_profit_pct': 0.5, 'delta_stop_loss_multiplier': 2.5}",14048.889184410255,0.992,56.195556737641006,1447.5507019585486,-475.74703141053544,475.7470314105358,187.33072883265964,0.29998045215443453,250,17.576170740642198
"{'short_put_delta_min': -0.6, 'short_put_delta_max': -0.25, 'long_put_delta_min': -0.45, 'long_put_delta_max': -0.2, 'spread_width_min': 3.0, 'spread_width_max': 4.0, 'target_profit_pct': 0.4, 'delta_stop_loss_multiplier': 2.0}",11984.9618421396,0.984,47.939847368558375,1381.349548227627,-304.10230126532997,461.2232926449582,159.90302332236092,0.29980575959413047,250,17.25306827330567
"{'short_put_delta_min': -0.6, 'short_put_delta_max': -0.25, 'long_put_delta_min': -0.4, 'long_put_delta_max': -0.2, 'spread_width_min': 2.0, 'spread_width_max': 4.0, 'target_profit_pct': 0.6, 'delta_stop_loss_multiplier': 1.5}",13080.814023376377,0.988,52.32325609350552,1526.7744170539122,-376.1522631385862,376.15226313858693,174.5361646784006,0.2997846101976405,250,21.84103898026282
"{'short_put_delta_min': -0.6, 'short_put_delta_max': -0.25, 'long_put_delta_min': -0.45, 'long_put_delta_max': -0.15, 'spread_width_min': 2.0, 'spread_width_max': 4.0, 'target_profit_pct': 0.4, 'delta_stop_loss_multiplier': 2.5}",12168.417153067136,0.984,48.67366861226855,1152.7642974162807,-275.3053794013406,386.41544723049344,162.41404690854992,0.29968878639958474,250,19.389049676741333
"{'short_put_delta_min': -0.6, 'short_put_delta_max': -0.25, 'long_put_delta_min': -0.45, 'long_put_delta_max': -0.15, 'spread_width_min': 3.0, 'spread_width_max': 5.0, 'target_profit_pct': 0.5, 'delta_stop_loss_multiplier': 1.5}",12635.464832297946,0.988,50.54185932919178,1548.741604791876,-375.33586254638743,375.33586254638794,168.92102634846313,0.29920407436389945,250,18.663751812407202
"{'short_put_delta_min': -0.6, 'short_put_delta_max': -0.25, 'long_put_delta_min': -0.45, 'long_put_delta_max': -0.15, 'spread_width_min': 3.0, 'spread_width_max': 4.0, 'target_profit_pct': 0.6, 'delta_stop_loss_multiplier': 2.0}",9303.939400038751,0.988,37.215757600154994,1250.998288911375,-375.6380194541966,375.6380194541962,124.53116726221546,0.29884693461350686,250,14.270517657850425
"{'short_put_delta_min': -0.6, 'short_put_delta_max': -0.25, 'long_put_delta_min': -0.45, 'long_put_delta_max': -0.15, 'spread_width_min': 2.0, 'spread_width_max': 4.0, 'target_profit_pct': 0.5, 'delta_stop_loss_multiplier': 2.5}",11092.95288963986,0.988,44.371811558559436,1199.3547107848733,-299.766530583207,299.766530583207,148.7121829269703,0.29837374911206554,250,16.226664655175103
"{'short_put_delta_min': -0.6, 'short_put_delta_max': -0.25, 'long_put_delta_min': -0.4, 'long_put_delta_max': -0.25, 'spread_width_min': 3.0, 'spread_width_max': 5.0, 'target_profit_pct': 0.6, 'delta_stop_loss_multiplier': 2.5}",12206.804805971258,0.988,48.827219223885045,1520.74810149894,-375.77202979595876,375.7720297959586,163.77018888327112,0.2981447329140418,250,16.254638642513786
"{'short_put_delta_min': -0.6, 'short_put_delta_max': -0.25, 'long_put_delta_min': -0.4, 'long_put_delta_max': -0.25, 'spread_width_min': 3.0, 'spread_width_max': 4.0, 'target_profit_pct': 0.5, 'delta_stop_loss_multiplier': 1.5}",15578.80021627876,0.984,62.31520086511506,1532.402277397751,-376.22960023803853,747.9840566113803,209.01716113653907,0.29813437579131635,250,14.857508420541663
"{'short_put_delta_min': -0.6, 'short_put_delta_max': -0.25, 'long_put_delta_min': -0.45, 'long_put_delta_max': -0.25, 'spread_width_min': 2.0, 'spread_width_max': 5.0, 'target_profit_pct': 0.4, 'delta_stop_loss_multiplier': 1.5}",12338.660903045506,0.992,49.354643612182024,1343.5720885781852,-350.6478752097945,350.6478752097945,165.5767971156557,0.29807705229198095,250,24.432353756409288
"{'short_put_delta_min': -0.6, 'short_put_delta_max': -0.25, 'long_put_delta_min': -0.45, 'long_put_delta_max': -0.25, 'spread_width_min': 2.0, 'spread_width_max': 4.0, 'target_profit_pct': 0.6, 'delta_stop_loss_multiplier': 2.5}",10710.058433487264,0.992,42.84023373394912,1463.8231029008966,-275.06861780902125,275.0686178090218,143.74047852124156,0.298038758286298,250,22.55565366447444
"{'short_put_delta_min': -0.6, 'short_put_delta_max': -0.25, 'long_put_delta_min': -0.45, 'long_put_delta_max': -0.15, 'spread_width_min': 3.0, 'spread_width_max': 4.0, 'target_profit_pct': 0.5, 'delta_stop_loss_multiplier': 1.5}",13348.374255335355,0.988,53.3934970213414,1539.2656569041987,-375.6593982304884,375.65939823048757,179.19730526427722,0.2979592630737251,250,21.662581110473578
"{'short_put_delta_min': -0.6, 'short_put_delta_max': -0.25, 'long_put_delta_min': -0.45, 'long_put_delta_max': -0.15, 'spread_width_min': 2.0, 'spread_width_max': 5.0, 'target_profit_pct': 0.5, 'delta_stop_loss_multiplier': 1.5}",15022.29325445945,0.992,60.08917301783776,1663.299173024814,-475.718000861405,475.718000861405,201.73169646903318,0.2978667907403522,250,25.172002292917654
"{'short_put_delta_min': -0.6, 'short_put_delta_max': -0.25, 'long_put_delta_min': -0.4, 'long_put_delta_max': -0.25, 'spread_width_min': 2.0, 'spread_width_max': 5.0, 'target_profit_pct': 0.5, 'delta_stop_loss_multiplier': 2.0}",12496.752464827,0.984,49.98700985930798,1268.4221842319823,-333.7900804239627,715.3598198414476,168.06813351298962,0.29742110425379714,250,13.604985514310693
"{'short_put_delta_min': -0.6, 'short_put_delta_max': -0.25, 'long_put_delta_min': -0.4, 'long_put_delta_max': -0.25, 'spread_width_min': 3.0, 'spread_width_max': 5.0, 'target_profit_pct': 0.6, 'delta_stop_loss_multiplier': 2.0}",15231.97610058164,0.988,60.92790440232653,1598.657880194164,-375.812491413856,636.3762479620898,205.21314160890844,0.2969005977133855,250,15.842293288759535
"{'short_put_delta_min': -0.6, 'short_put_delta_max': -0.25, 'long_put_delta_min': -0.4, 'long_put_delta_max': -0.25, 'spread_width_min': 2.0, 'spread_width_max': 4.0, 'target_profit_pct': 0.5, 'delta_stop_loss_multiplier': 2.0}",12445.593965558448,0.984,49.78237586223376,1098.2963052511866,-331.85069373670575,795.3118971870492,167.7175828572767,0.2968226408592906,250,13.810437103013893
"{'short_put_delta_min': -0.6, 'short_put_delta_max': -0.25, 'long_put_delta_min': -0.45, 'long_put_delta_max': -0.2, 'spread_width_min': 3.0, 'spread_width_max': 5.0, 'target_profit_pct': 0.6, 'delta_stop_loss_multiplier': 1.5}",12617.501115110343,0.988,50.47000446044139,1551.1525294429591,-476.0316426301209,487.1517866248883,170.18732161067882,0.2965556069793305,250,14.099790477987733
"{'short_put_delta_min': -0.6, 'short_put_delta_max': -0.25, 'long_put_delta_min': -0.4, 'long_put_delta_max': -0.25, 'spread_width_min': 2.0, 'spread_width_max': 4.0, 'target_profit_pct': 0.6, 'delta_stop_loss_multiplier': 1.5}",12883.48991025249,0.984,51.53395964100995,1844.0808417174203,-333.6994647895212,705.7084754786542,174.26212943364615,0.2957266722752436,250,15.613237523820075
"{'short_put_delta_min': -0.6, 'short_put_delta_max': -0.25, 'long_put_delta_min': -0.45, 'long_put_delta_max': -0.25, 'spread_width_min': 3.0, 'spread_width_max': 5.0, 'target_profit_pct': 0.5, 'delta_stop_loss_multiplier': 2.0}",12500.579856943743,0.992,50.00231942777496,1472.782220308082,-475.42235265707717,475.4223526570768,169.94623361017398,0.294224345933263,250,20.878168729072613
"{'short_put_delta_min': -0.6, 'short_put_delta_max': -0.25, 'long_put_delta_min': -0.45, 'long_put_delta_max': -0.15, 'spread_width_min': 3.0, 'spread_width_max': 5.0, 'target_profit_pct': 0.4, 'delta_stop_loss_multiplier': 2.5}",14444.786218165313,0.988,57.779144872661256,1372.5690149110328,-375.12045677428557,617.7379263797172,196.57817196667506,0.2939245201774298,250,15.38866814759442
"{'short_put_delta_min': -0.6, 'short_put_delta_max': -0.25, 'long_put_delta_min': -0.45, 'long_put_delta_max': -0.15, 'spread_width_min': 2.0, 'spread_width_max': 4.0, 'target_profit_pct': 0.4, 'delta_stop_loss_multiplier': 1.5}",14006.520905702166,0.988,56.02608362280867,1273.786851142551,-368.7110282460984,561.1821110005858,190.73692903242483,0.2937348520132898,250,19.76482283859316
"{'short_put_delta_min': -0.6, 'short_put_delta_max': -0.25, 'long_put_delta_min': -0.45, 'long_put_delta_max': -0.15, 'spread_width_min': 2.0, 'spread_width_max': 5.0, 'target_profit_pct': 0.6, 'delta_stop_loss_multiplier': 2.0}",11481.120863661943,0.988,45.9244834546478,1227.161362994972,-375.4760946129939,444.2222021828153,156.49622438060518,0.2934542583146133,250,15.006520336252382
"{'short_put_delta_min': -0.6, 'short_put_delta_max': -0.25, 'long_put_delta_min': -0.4, 'long_put_delta_max': -0.25, 'spread_width_min': 3.0, 'spread_width_max': 5.0, 'target_profit_pct': 0.5, 'delta_stop_loss_multiplier': 2.5}",10717.58272223033,0.988,42.87033088892132,1450.2693706910031,-340.02229977271463,441.7663256800396,146.54323784846508,0.2925439038903449,250,15.946613896992542
"{'short_put_delta_min': -0.6, 'short_put_delta_max': -0.25, 'long_put_delta_min': -0.45, 'long_put_delta_max': -0.25, 'spread_width_min': 3.0, 'spread_width_max': 5.0, 'target_profit_pct': 0.5, 'delta_stop_loss_multiplier': 1.5}",8556.378716925952,0.988,34.225514867703815,1300.1292040681146,-413.75576277666204,593.1676454853222,117.3492317528623,0.29165521031942343,250,9.707052850317098
"{'short_put_delta_min': -0.6, 'short_put_delta_max': -0.25, 'long_put_delta_min': -0.4, 'long_put_delta_max': -0.2, 'spread_width_min': 2.0, 'spread_width_max': 5.0, 'target_profit_pct': 0.4, 'delta_stop_loss_multiplier': 1.5}",11008.370439654427,0.992,44.033481758617725,1440.9171068619148,-291.0592886467315,291.0592886467315,151.39071112816427,0.29085986472010084,250,24.58637635504089
"{'short_put_delta_min': -0.6, 'short_put_delta_max': -0.25, 'long_put_delta_min': -0.4, 'long_put_delta_max': -0.25, 'spread_width_min': 2.0, 'spread_width_max': 5.0, 'target_profit_pct': 0.4, 'delta_stop_loss_multiplier': 2.5}",13129.145497144897,0.992,52.5165819885796,1411.055850456278,-317.553874554538,317.553874554538,181.0293558057284,0.29009981146338365,250,23.155810743181622
"{'short_put_delta_min': -0.6, 'short_put_delta_max': -0.25, 'long_put_delta_min': -0.4, 'long_put_delta_max': -0.2, 'spread_width_min': 2.0, 'spread_width_max': 4.0, 'target_profit_pct': 0.5, 'delta_stop_loss_multiplier': 2.0}",9733.315103918305,0.988,38.93326041567323,1335.2484128693873,-280.3765838562387,526.130594324834,134.2280064769424,0.29005318217522036,250,14.694666321841584
"{'short_put_delta_min': -0.6, 'short_put_delta_max': -0.25, 'long_put_delta_min': -0.45, 'long_put_delta_max': -0.2, 'spread_width_min': 3.0, 'spread_width_max': 4.0, 'target_profit_pct': 0.4, 'delta_stop_loss_multiplier': 1.5}",12991.214585166215,0.988,51.964858340664854,1534.9685817277345,-329.7915848119598,568.6194551163909,179.23798438604942,0.28992101489347827,250,16.15418676713149
"{'short_put_delta_min': -0.6, 'short_put_delta_max': -0.25, 'long_put_delta_min': -0.45, 'long_put_delta_max': -0.15, 'spread_width_min': 3.0, 'spread_width_max': 5.0, 'target_profit_pct': 0.4, 'delta_stop_loss_multiplier': 1.5}",8413.425693006235,0.988,33.653702772024914,1225.0125520115153,-476.17434097605724,476.17434097605747,116.12394827896696,0.2898084613104777,250,13.74329380095699
"{'short_put_delta_min': -0.6, 'short_put_delta_max': -0.25, 'long_put_delta_min': -0.45, 'long_put_delta_max': -0.15, 'spread_width_min': 2.0, 'spread_width_max': 5.0, 'target_profit_pct': 0.5, 'delta_stop_loss_multiplier': 2.0}",10710.184930146434,0.988,42.840739720585724,1188.3170016419785,-275.32321476808943,462.83175561544067,147.8252490021613,0.2898066467654613,250,15.281298467834414
"{'short_put_delta_min': -0.6, 'short_put_delta_max': -0.25, 'long_put_delta_min': -0.4, 'long_put_delta_max': -0.25, 'spread_width_min': 2.0, 'spread_width_max': 5.0, 'target_profit_pct': 0.6, 'delta_stop_loss_multiplier': 1.5}",8577.631928740277,0.988,34.310527714961104,1010.6742567783414,-475.091822488797,650.1317390055067,118.4838288128403,0.28957983598891607,250,8.561096748308591
"{'short_put_delta_min': -0.6, 'short_put_delta_max': -0.25, 'long_put_delta_min': -0.4, 'long_put_delta_max': -0.2, 'spread_width_min': 2.0, 'spread_width_max': 4.0, 'target_profit_pct': 0.6, 'delta_stop_loss_multiplier': 2.0}",14612.259231324908,0.992,58.44903692529962,1479.637407537716,-375.996843020384,375.9968430203844,202.13885626593793,0.2891529021436774,250,21.800101665406103
"{'short_put_delta_min': -0.6, 'short_put_delta_max': -0.25, 'long_put_delta_min': -0.4, 'long_put_delta_max': -0.25, 'spread_width_min': 3.0, 'spread_width_max': 4.0, 'target_profit_pct': 0.4, 'delta_stop_loss_multiplier': 1.5}",10664.185190782187,0.984,42.65674076312874,1429.016636952484,-375.63287110827366,872.4867265252764,148.01614538316863,0.28818978262610107,250,9.544201381823996
"{'short_put_delta_min': -0.6, 'short_put_delta_max': -0.25, 'long_put_delta_min': -0.4, 'long_put_delta_max': -0.25, 'spread_width_min': 2.0, 'spread_width_max': 5.0, 'target_profit_pct': 0.6, 'delta_stop_loss_multiplier': 2.0}",10317.371554420633,0.988,41.26948621768251,1285.4271271661555,-275.4465153814843,275.44651538148355,143.76992469805063,0.2870522906954133,250,20.003948174378653
"{'short_put_delta_min': -0.6, 'short_put_delta_max': -0.25, 'long_put_delta_min': -0.45, 'long_put_delta_max': -0.25, 'spread_width_min': 2.0, 'spread_width_max': 4.0, 'target_profit_pct': 0.4, 'delta_stop_loss_multiplier': 2.0}",14084.781638360335,0.988,56.33912655344138,1741.5339400107896,-293.1669520167169,425.96609636833045,196.8765481627898,0.28616474170837597,250,21.069138002768852
"{'short_put_delta_min': -0.6, 'short_put_delta_max': -0.25, 'long_put_delta_min': -0.45, 'long_put_delta_max': -0.2, 'spread_width_min': 3.0, 'spread_width_max': 5.0, 'target_profit_pct': 0.5, 'delta_stop_loss_multiplier': 2.0}",12844.449168117873,0.984,51.377796672471526,1488.555877717246,-414.7543525757297,789.526351707817,179.68027575427638,0.28594010364684525,250,12.021396822980474
"{'short_put_delta_min': -0.6, 'short_put_delta_max': -0.25, 'long_put_delta_min': -0.45, 'long_put_delta_max': -0.2, 'spread_width_min': 2.0, 'spread_width_max': 4.0, 'target_profit_pct': 0.5, 'delta_stop_loss_multiplier': 1.5}",11135.079405061548,0.988,44.54031762024617,1349.3194647909531,-376.1097008204458,376.10970082044514,155.90415647717316,0.28569037944006054,250,19.680789293896886
"{'short_put_delta_min': -0.6, 'short_put_delta_max': -0.25, 'long_put_delta_min': -0.4, 'long_put_delta_max': -0.2, 'spread_width_min': 2.0, 'spread_width_max': 5.0, 'target_profit_pct': 0.6, 'delta_stop_loss_multiplier': 2.0}",12435.925572803508,0.984,49.74370229121399,1637.531904086286,-275.90951021871086,665.1735510043487,174.1479555468208,0.2856404609231262,250,14.214482424794044
"{'short_put_delta_min': -0.6, 'short_put_delta_max': -0.25, 'long_put_delta_min': -0.45, 'long_put_delta_max': -0.25, 'spread_width_min': 3.0, 'spread_width_max': 5.0, 'target_profit_pct': 0.4, 'delta_stop_loss_multiplier': 2.0}",13199.496121146967,0.988,52.797984484587886,1731.8539302020265,-375.90964909720526,704.184162974205,185.29111567040462,0.2849461200206966,250,13.09050337605638
"{'short_put_delta_min': -0.6, 'short_put_delta_max': -0.25, 'long_put_delta_min': -0.4, 'long_put_delta_max': -0.25, 'spread_width_min': 3.0, 'spread_width_max': 5.0, 'target_profit_pct': 0.5, 'delta_stop_loss_multiplier': 1.5}",11750.253773350094,0.984,47.001015093400405,1240.539070085689,-376.1178518783317,942.0094264379704,165.20171969853598,0.28450681493612157,250,9.914354453205135
"{'short_put_delta_min': -0.6, 'short_put_delta_max': -0.25, 'long_put_delta_min': -0.45, 'long_put_delta_max': -0.2, 'spread_width_min': 3.0, 'spread_width_max': 4.0, 'target_profit_pct': 0.4, 'delta_stop_loss_multiplier': 2.5}",11767.84694921695,0.984,47.071387796867796,1232.4856476230657,-375.4960549870078,602.724030180666,165.7041379509594,0.2840688734689215,250,13.02985619253551
"{'short_put_delta_min': -0.6, 'short_put_delta_max': -0.25, 'long_put_delta_min': -0.4, 'long_put_delta_max': -0.2, 'spread_width_min': 3.0, 'spread_width_max': 4.0, 'target_profit_pct': 0.4, 'delta_stop_loss_multiplier': 2.5}",12678.289904187708,0.984,50.71315961675081,1447.7266230811756,-275.86834000560583,651.7551792790396,178.54561301696276,0.28403475593619204,250,14.667495099698218
"{'short_put_delta_min': -0.6, 'short_put_delta_max': -0.25, 'long_put_delta_min': -0.45, 'long_put_delta_max': -0.15, 'spread_width_min': 2.0, 'spread_width_max': 5.0, 'target_profit_pct': 0.6, 'delta_stop_loss_multiplier': 1.5}",11978.872588804761,0.992,47.91549035521902,1527.1818513301284,-433.17896790831537,433.17896790831537,169.20545550781614,0.2831793467380586,250,17.89936127909319
"{'short_put_delta_min': -0.6, 'short_put_delta_max': -0.25, 'long_put_delta_min': -0.45, 'long_put_delta_max': -0.15, 'spread_width_min': 3.0, 'spread_width_max': 4.0, 'target_profit_pct': 0.4, 'delta_stop_loss_multiplier': 2.0}",11086.637919190694,0.992,44.34655167676279,1791.2372336198632,-376.21744772648395,376.21744772648344,157.79042124064705,0.28104717211654834,250,18.557984531052316
"{'short_put_delta_min': -0.6, 'short_put_delta_max': -0.25, 'long_put_delta_min': -0.45, 'long_put_delta_max': -0.25, 'spread_width_min': 3.0, 'spread_width_max': 4.0, 'target_profit_pct': 0.6, 'delta_stop_loss_multiplier': 2.0}",12423.500559152302,0.984,49.6940022366092,1258.4888119619654,-375.3357659235863,905.7154027249228,176.93110582498693,0.2808663971487551,250,10.697895652567038
"{'short_put_delta_min': -0.6, 'short_put_delta_max': -0.25, 'long_put_delta_min': -0.4, 'long_put_delta_max': -0.25, 'spread_width_min': 2.0, 'spread_width_max': 4.0, 'target_profit_pct': 0.4, 'delta_stop_loss_multiplier': 1.5}",11446.487657731443,0.992,45.78595063092577,1681.3350153831457,-275.1266735493134,275.12667354931364,163.28010470709327,0.28041353055879514,250,22.781720669758972
"{'short_put_delta_min': -0.6, 'short_put_delta_max': -0.25, 'long_put_delta_min': -0.4, 'long_put_delta_max': -0.2, 'spread_width_min': 2.0, 'spread_width_max': 5.0, 'target_profit_pct': 0.6, 'delta_stop_loss_multiplier': 1.5}",11328.274019213004,0.988,45.31309607685205,1484.1764066087953,-377.96544633707174,605.3671786005827,161.63072492250794,0.2803495195519101,250,12.392425913380663
"{'short_put_delta_min': -0.6, 'short_put_delta_max': -0.25, 'long_put_delta_min': -0.4, 'long_put_delta_max': -0.25, 'spread_width_min': 2.0, 'spread_width_max': 5.0, 'target_profit_pct': 0.4, 'delta_stop_loss_multiplier': 2.0}",8564.41495585303,0.988,34.25765982341212,1116.6276065997884,-376.1027932786806,507.1249701052277,122.63358759120182,0.2793497319642134,250,10.57373533020907
"{'short_put_delta_min': -0.6, 'short_put_delta_max': -0.25, 'long_put_delta_min': -0.45, 'long_put_delta_max': -0.2, 'spread_width_min': 2.0, 'spread_width_max': 5.0, 'target_profit_pct': 0.5, 'delta_stop_loss_multiplier': 2.0}",9856.123088298702,0.984,39.424492353194815,1320.4976521443982,-476.05331955611376,744.8878373248969,141.73344138093518,0.27815942355646406,250,9.072561918935506
"{'short_put_delta_min': -0.6, 'short_put_delta_max': -0.25, 'long_put_delta_min': -0.4, 'long_put_delta_max': -0.2, 'spread_width_min': 3.0, 'spread_width_max': 4.0, 'target_profit_pct': 0.5, 'delta_stop_loss_multiplier': 2.5}",12105.955472997635,0.984,48.42382189199054,1587.3719557930303,-375.9134604588293,519.9119257956293,174.2470845306254,0.2779031971893891,250,14.513744596604845
"{'short_put_delta_min': -0.6, 'short_put_delta_max': -0.25, 'long_put_delta_min': -0.45, 'long_put_delta_max': -0.25, 'spread_width_min': 3.0, 'spread_width_max': 4.0, 'target_profit_pct': 0.4, 'delta_stop_loss_multiplier': 1.5}",9281.088296601145,0.984,37.124353186404605,1033.1743853747473,-375.7006041001181,453.22910411355815,133.65331473873266,0.2777660491172688,250,12.196472034524705
"{'short_put_delta_min': -0.6, 'short_put_delta_max': -0.25, 'long_put_delta_min': -0.4, 'long_put_delta_max': -0.25, 'spread_width_min': 3.0, 'spread_width_max': 4.0, 'target_profit_pct': 0.6, 'delta_stop_loss_multiplier': 2.5}",7582.17927480192,0.984,30.328717099207662,960.4776641763304,-375.0282971073194,825.8969501469345,110.03621151285327,0.275624875504415,250,7.313614683459688
"{'short_put_delta_min': -0.6, 'short_put_delta_max': -0.25, 'long_put_delta_min': -0.45, 'long_put_delta_max': -0.25, 'spread_width_min': 3.0, 'spread_width_max': 5.0, 'target_profit_pct': 0.5, 'delta_stop_loss_multiplier': 2.5}",11811.408013897402,0.984,47.24563205558961,1379.4641299833143,-455.04505653129013,805.262792285213,172.730273162068,0.2735225921356609,250,11.925212182688158
"{'short_put_delta_min': -0.6, 'short_put_delta_max': -0.25, 'long_put_delta_min': -0.45, 'long_put_delta_max': -0.15, 'spread_width_min': 3.0, 'spread_width_max': 4.0, 'target_profit_pct': 0.6, 'delta_stop_loss_multiplier': 2.5}",12162.979216619367,0.988,48.651916866477464,1316.5686852016458,-276.9532882107498,484.91998457027614,178.00400027875463,0.27331923322109875,250,16.714231978658024
"{'short_put_delta_min': -0.6, 'short_put_delta_max': -0.25, 'long_put_delta_min': -0.4, 'long_put_delta_max': -0.2, 'spread_width_min': 2.0, 'spread_width_max': 4.0, 'target_profit_pct': 0.4, 'delta_stop_loss_multiplier': 2.0}",11067.746925733694,0.984,44.270987702934775,1456.8635382313603,-275.8809850125089,559.4484172886673,162.0661410023782,0.2731661741873963,250,14.249559868531051
"{'short_put_delta_min': -0.6, 'short_put_delta_max': -0.25, 'long_put_delta_min': -0.45, 'long_put_delta_max': -0.15, 'spread_width_min': 3.0, 'spread_width_max': 5.0, 'target_profit_pct': 0.6, 'delta_stop_loss_multiplier': 1.5}",10400.113874707566,0.984,41.60045549883027,1449.9606254540524,-476.0510439902351,693.832739549566,152.77810699463717,0.2722933037800405,250,9.889869251148347
"{'short_put_delta_min': -0.6, 'short_put_delta_max': -0.25, 'long_put_delta_min': -0.45, 'long_put_delta_max': -0.25, 'spread_width_min': 2.0, 'spread_width_max': 5.0, 'target_profit_pct': 0.6, 'delta_stop_loss_multiplier': 1.5}",10524.435255747914,0.984,42.09774102299164,1394.043906641713,-427.2608068384618,801.1348201689248,154.86650974174006,0.2718324387447943,250,10.770583702086483
"{'short_put_delta_min': -0.6, 'short_put_delta_max': -0.25, 'long_put_delta_min': -0.4, 'long_put_delta_max': -0.25, 'spread_width_min': 3.0, 'spread_width_max': 4.0, 'target_profit_pct': 0.4, 'delta_stop_loss_multiplier': 2.5}",9736.329774107067,0.984,38.94531909642827,1282.8462982515546,-317.1689244245155,797.0274252675736,143.50312904738442,0.271390034175273,250,10.076679639914973
"{'short_put_delta_min': -0.6, 'short_put_delta_max': -0.25, 'long_put_delta_min': -0.4, 'long_put_delta_max': -0.2, 'spread_width_min': 2.0, 'spread_width_max': 5.0, 'target_profit_pct': 0.5, 'delta_stop_loss_multiplier': 2.5}",12781.602269747433,0.984,51.12640907898972,1648.6849600836222,-395.8900124168123,395.8900124168123,188.4871659734277,0.27124610216802425,250,15.21357548026247
"{'short_put_delta_min': -0.6, 'short_put_delta_max': -0.25, 'long_put_delta_min': -0.45, 'long_put_delta_max': -0.2, 'spread_width_min': 2.0, 'spread_width_max': 5.0, 'target_profit_pct': 0.6, 'delta_stop_loss_multiplier': 2.5}",8451.334330190324,0.988,33.80533732076127,1280.8251545982077,-375.033789123188,445.5435301499393,125.07142602250545,0.27028825364698655,250,11.299254112551589
"{'short_put_delta_min': -0.6, 'short_put_delta_max': -0.25, 'long_put_delta_min': -0.4, 'long_put_delta_max': -0.25, 'spread_width_min': 3.0, 'spread_width_max': 4.0, 'target_profit_pct': 0.5, 'delta_stop_loss_multiplier': 2.5}",12568.730619506608,0.984,50.274922478026426,1698.3916016173587,-375.0559338274839,375.0559338274834,186.10851895830723,0.27013767429576513,250,18.52143443190537
"{'short_put_delta_min': -0.6, 'short_put_delta_max': -0.25, 'long_put_delta_min': -0.45, 'long_put_delta_max': -0.15, 'spread_width_min': 2.0, 'spread_width_max': 5.0, 'target_profit_pct': 0.4, 'delta_stop_loss_multiplier': 2.0}",12795.701966755823,0.988,51.18280786702331,1610.769080603991,-475.8069806978754,475.8069806978747,189.58970947211526,0.2699661706826511,250,14.443558995202253
"{'short_put_delta_min': -0.6, 'short_put_delta_max': -0.25, 'long_put_delta_min': -0.45, 'long_put_delta_max': -0.25, 'spread_width_min': 2.0, 'spread_width_max': 4.0, 'target_profit_pct': 0.5, 'delta_stop_loss_multiplier': 2.5}",11490.820985337616,0.984,45.96328394135045,1629.5862585355333,-272.7260542421585,543.4092295756298,170.64608021862864,0.2693486066744875,250,16.978814977323903
"{'short_put_delta_min': -0.6, 'short_put_delta_max': -0.25, 'long_put_delta_min': -0.4, 'long_put_delta_max': -0.25, 'spread_width_min': 2.0, 'spread_width_max': 4.0, 'target_profit_pct': 0.6, 'delta_stop_loss_multiplier': 2.0}",12673.62708223206,0.984,50.69450832892825,1725.8559082411512,-375.6547789085764,375.6547789085762,188.68926388799383,0.26866662831977856,250,20.32058807045636
"{'short_put_delta_min': -0.6, 'short_put_delta_max': -0.25, 'long_put_delta_min': -0.4, 'long_put_delta_max': -0.2, 'spread_width_min': 3.0, 'spread_width_max': 5.0, 'target_profit_pct': 0.6, 'delta_stop_loss_multiplier': 1.5}",9585.534664706272,0.988,38.342138658825114,1115.3717757621337,-441.18575602736394,816.9189258065079,142.94666094623247,0.2682268924997626,250,9.687523751916238
"{'short_put_delta_min': -0.6, 'short_put_delta_max': -0.25, 'long_put_delta_min': -0.45, 'long_put_delta_max': -0.15, 'spread_width_min': 2.0, 'spread_width_max': 4.0, 'target_profit_pct': 0.5, 'delta_stop_loss_multiplier': 1.5}",12170.440647300435,0.984,48.68176258920175,1795.1040942405846,-276.1188566532252,360.7087924482275,181.7678681719572,0.2678238077983482,250,20.11104309693936
"{'short_put_delta_min': -0.6, 'short_put_delta_max': -0.25, 'long_put_delta_min': -0.45, 'long_put_delta_max': -0.15, 'spread_width_min': 3.0, 'spread_width_max': 5.0, 'target_profit_pct': 0.4, 'delta_stop_loss_multiplier': 2.0}",11203.036026326821,0.984,44.812144105307276,1669.7651673494513,-375.136132958197,408.8041611306186,167.43813140602737,0.2676340432672444,250,13.296918935762346
"{'short_put_delta_min': -0.6, 'short_put_delta_max': -0.25, 'long_put_delta_min': -0.45, 'long_put_delta_max': -0.25, 'spread_width_min': 2.0, 'spread_width_max': 5.0, 'target_profit_pct': 0.4, 'delta_stop_loss_multiplier': 2.0}",11876.721209173611,0.992,47.50688483669444,1629.388684746643,-175.7490436421779,175.74904364217764,178.88013826681677,0.26557942819696057,250,41.57648952969249
"{'short_put_delta_min': -0.6, 'short_put_delta_max': -0.25, 'long_put_delta_min': -0.45, 'long_put_delta_max': -0.25, 'spread_width_min': 3.0, 'spread_width_max': 5.0, 'target_profit_pct': 0.6, 'delta_stop_loss_multiplier': 1.5}",10116.040070464218,0.984,40.46416028185689,1217.0321063214476,-375.8712719554821,633.7797502587471,152.58274392200187,0.2651948656955704,250,11.019343166987635
"{'short_put_delta_min': -0.6, 'short_put_delta_max': -0.25, 'long_put_delta_min': -0.45, 'long_put_delta_max': -0.25, 'spread_width_min': 2.0, 'spread_width_max': 4.0, 'target_profit_pct': 0.6, 'delta_stop_loss_multiplier': 2.0}",8022.8198780194325,0.984,32.091279512077726,1185.50537872226,-275.15720001170894,481.7580679275932,122.54966850064537,0.26186345426065943,250,11.599363254835
"{'short_put_delta_min': -0.6, 'short_put_delta_max': -0.25, 'long_put_delta_min': -0.4, 'long_put_delta_max': -0.25, 'spread_width_min': 2.0, 'spread_width_max': 5.0, 'target_profit_pct': 0.5, 'delta_stop_loss_multiplier': 1.5}",7406.431115541852,0.988,29.625724462167398,1308.4817473510714,-476.17732065780245,476.17732065780274,114.85203166018096,0.25794689074219135,250,10.613675478538553
"{'short_put_delta_min': -0.6, 'short_put_delta_max': -0.25, 'long_put_delta_min': -0.45, 'long_put_delta_max': -0.2, 'spread_width_min': 3.0, 'spread_width_max': 4.0, 'target_profit_pct': 0.6, 'delta_stop_loss_multiplier': 2.0}",9173.022357375698,0.984,36.692089429502765,1381.904972976238,-336.7365037176608,650.5194080602914,143.1436911419761,0.25633046861359726,250,10.910950974597126
"{'short_put_delta_min': -0.6, 'short_put_delta_max': -0.25, 'long_put_delta_min': -0.45, 'long_put_delta_max': -0.15, 'spread_width_min': 2.0, 'spread_width_max': 4.0, 'target_profit_pct': 0.6, 'delta_stop_loss_multiplier': 1.5}",9189.135146945844,0.984,36.75654058778337,1391.7602532349235,-275.9229193845279,660.1258585164207,150.4171113092172,0.244364090414034,250,10.816940488456282
